<?xml version="1.0" encoding="utf-8"?>
<ApplicationInstallerManifest>
   <DefaultInstallationDirectory>/Applications/Grapple/</DefaultInstallationDirectory>
   <ApplicationName>Grapple</ApplicationName>
   <ExecutableName>application/Grapple.exe</ExecutableName>
   <GUID>55b1c5da-e4a8-47d0-b6a0-6c5151b0ace6</GUID>
   <ApplicationIcon>default_icon_48.png</ApplicationIcon>
   <Logo>default_logo.png</Logo>
   <Version>1.7</Version>
   <InstallationNotes>In the following directions, replace MCR_ROOT by the directory where the MATLAB Runtime is installed on the target machine.

If the environment variable DYLD_LIBRARY_PATH is undefined, set it to the concatenation of the following strings:

    MCR_ROOT/v90/runtime/maci64:
    MCR_ROOT/v90/sys/os/maci64:
    MCR_ROOT/v90/bin/maci64

If it is defined, set it to the concatenation of these strings:

    ${LD_LIBRARY_PATH}: 
    MCR_ROOT/v90/runtime/maci64:
    MCR_ROOT/v90/sys/os/maci64:
    MCR_ROOT/v90/bin/maci64</InstallationNotes>
   <WelcomePanelText>Grapple 1.7

Tension Between Separate Spheres

SphericalCow</WelcomePanelText>
   <MCRProducts>
      <MCRProduct>
         <ExternalProductIdentifier>35000</ExternalProductIdentifier>
      </MCRProduct>
      <MCRProduct>
         <ExternalProductIdentifier>35010</ExternalProductIdentifier>
      </MCRProduct>
   </MCRProducts>
</ApplicationInstallerManifest>